mean_fit_time,std_fit_time,mean_score_time,std_score_time,param_catboost__bagging_temperature,param_catboost__depth,param_catboost__iterations,param_catboost__l2_leaf_reg,param_catboost__random_strength,params,split0_test_score,split1_test_score,split2_test_score,split3_test_score,split4_test_score,mean_test_score,std_test_score,rank_test_score
0.5351709365844727,0.06982757612178014,0.0581207275390625,0.0022135971711983687,0.0,4,100,0.0,0.0,"{'catboost__bagging_temperature': 0, 'catboost__depth': 4, 'catboost__iterations': 100, 'catboost__l2_leaf_reg': 0, 'catboost__random_strength': 0}",0.6419001268301546,0.6515497156696622,0.6377308824837401,0.6327725358257832,0.6694960480503631,0.6466898617719407,0.012966396142829085,6
0.49500331878662107,0.0958697008176326,0.057302665710449216,0.004273299453718639,0.0,4,100,0.0,0.01,"{'catboost__bagging_temperature': 0, 'catboost__depth': 4, 'catboost__iterations': 100, 'catboost__l2_leaf_reg': 0, 'catboost__random_strength': 0.01}",0.6556376282938566,0.6520882339434892,0.6355314911037646,0.634051833620197,0.6655745214980089,0.6485767416918632,0.01210175799769847,5
0.45622615814208983,0.059744013651420756,0.05405335426330567,0.0006804051282990217,0.0,4,100,0.01,0.0,"{'catboost__bagging_temperature': 0, 'catboost__depth': 4, 'catboost__iterations': 100, 'catboost__l2_leaf_reg': 0.01, 'catboost__random_strength': 0}",0.6431773956938485,0.6490594319945969,0.6420875709307398,0.6266116446046792,0.6704417884826774,0.6462755663413084,0.014181424368134242,7
0.4697741508483887,0.06660758422355431,0.056201171875,0.004606211386221486,0.0,4,100,0.01,0.01,"{'catboost__bagging_temperature': 0, 'catboost__depth': 4, 'catboost__iterations': 100, 'catboost__l2_leaf_reg': 0.01, 'catboost__random_strength': 0.01}",0.6504931352785026,0.6562427932287204,0.639087459883023,0.6340960676112463,0.6702023074313758,0.6500243526865735,0.01280128514810328,2
1.0759914875030518,0.1494548978579233,0.05843510627746582,0.003103896521499642,0.0,4,250,0.0,0.0,"{'catboost__bagging_temperature': 0, 'catboost__depth': 4, 'catboost__iterations': 250, 'catboost__l2_leaf_reg': 0, 'catboost__random_strength': 0}",0.6371501913633102,0.6572155563444102,0.6431943271455107,0.6267635011686584,0.6401758754722836,0.6408998902988347,0.009857863218467128,15
1.0786871433258056,0.1613579860549171,0.056457233428955075,0.0034033079006866316,0.0,4,250,0.0,0.01,"{'catboost__bagging_temperature': 0, 'catboost__depth': 4, 'catboost__iterations': 250, 'catboost__l2_leaf_reg': 0, 'catboost__random_strength': 0.01}",0.6392033666317196,0.6428063643897898,0.642547461148611,0.6240994373386597,0.6316121967876078,0.6360537652592777,0.007215527099914801,24
1.0776188373565674,0.15510325856039714,0.055578184127807614,0.002865947496186015,0.0,4,250,0.01,0.0,"{'catboost__bagging_temperature': 0, 'catboost__depth': 4, 'catboost__iterations': 250, 'catboost__l2_leaf_reg': 0.01, 'catboost__random_strength': 0}",0.6377364911361948,0.647545668106957,0.641786577165684,0.623853227658605,0.6399695580110446,0.6381783044156971,0.007866113999631635,22
1.0832015514373778,0.16677306077334236,0.05529375076293945,0.0018534554863215724,0.0,4,250,0.01,0.01,"{'catboost__bagging_temperature': 0, 'catboost__depth': 4, 'catboost__iterations': 250, 'catboost__l2_leaf_reg': 0.01, 'catboost__random_strength': 0.01}",0.6443790006533905,0.6465399740708142,0.6428161327526949,0.6239313096813783,0.6445983167159964,0.6404529467748549,0.008345046824580891,16
1.0702699184417725,0.03359892739285112,0.05351533889770508,0.0003482068731611942,0.0,6,100,0.0,0.0,"{'catboost__bagging_temperature': 0, 'catboost__depth': 6, 'catboost__iterations': 100, 'catboost__l2_leaf_reg': 0, 'catboost__random_strength': 0}",0.6394777028508991,0.6515052225876061,0.6392175278685305,0.6335508903746642,0.6581203174838519,0.6443743322331104,0.009027936774101766,9
1.052248239517212,0.028047795619008147,0.05417675971984863,0.0006654350853542076,0.0,6,100,0.0,0.01,"{'catboost__bagging_temperature': 0, 'catboost__depth': 6, 'catboost__iterations': 100, 'catboost__l2_leaf_reg': 0, 'catboost__random_strength': 0.01}",0.6385634446846881,0.6491248104959716,0.6417134848752802,0.6262193965943624,0.6454849621960598,0.6402212197692725,0.007848656417034043,17
1.0823541641235352,0.02108745439362313,0.055575227737426756,0.0035122087274069434,0.0,6,100,0.01,0.0,"{'catboost__bagging_temperature': 0, 'catboost__depth': 6, 'catboost__iterations': 100, 'catboost__l2_leaf_reg': 0.01, 'catboost__random_strength': 0}",0.6351133052787589,0.6453548555897975,0.6421048818899668,0.6275337812674,0.6592912365669212,0.6418796121185689,0.010647802596268333,14
1.3098429203033448,0.13884266690730682,0.06272301673889161,0.007425960993876644,0.0,6,100,0.01,0.01,"{'catboost__bagging_temperature': 0, 'catboost__depth': 6, 'catboost__iterations': 100, 'catboost__l2_leaf_reg': 0.01, 'catboost__random_strength': 0.01}",0.636100378540622,0.6456028735662158,0.6374082853279369,0.624772850740485,0.6493481194968406,0.6386465015344202,0.008525372096089999,21
2.816445827484131,0.1273085279068304,0.06167278289794922,0.0067320603698204865,0.0,6,250,0.0,0.0,"{'catboost__bagging_temperature': 0, 'catboost__depth': 6, 'catboost__iterations': 250, 'catboost__l2_leaf_reg': 0, 'catboost__random_strength': 0}",0.6256209071472609,0.6176165475279236,0.638657554616378,0.621208392944121,0.637671552388963,0.6281549909249293,0.008562760997748003,31
2.7474905967712404,0.062035202162652577,0.05645642280578613,0.0009842455557307205,0.0,6,250,0.0,0.01,"{'catboost__bagging_temperature': 0, 'catboost__depth': 6, 'catboost__iterations': 250, 'catboost__l2_leaf_reg': 0, 'catboost__random_strength': 0.01}",0.629060605426165,0.6215350450127243,0.6332839448563287,0.6191489357028003,0.6345817603528834,0.6275220582701803,0.006186426547736105,32
2.61761736869812,0.06677951193039122,0.05532712936401367,0.0005681325622785556,0.0,6,250,0.01,0.0,"{'catboost__bagging_temperature': 0, 'catboost__depth': 6, 'catboost__iterations': 250, 'catboost__l2_leaf_reg': 0.01, 'catboost__random_strength': 0}",0.628214216430997,0.6265782530778142,0.6357417712706394,0.6238984668104733,0.6346579404961356,0.6298181296172118,0.004617900930658993,30
2.64438419342041,0.0835453904611822,0.05616316795349121,0.0007860915107874781,0.0,6,250,0.01,0.01,"{'catboost__bagging_temperature': 0, 'catboost__depth': 6, 'catboost__iterations': 250, 'catboost__l2_leaf_reg': 0.01, 'catboost__random_strength': 0.01}",0.6393788609830126,0.6285010023137213,0.6356770484777884,0.6201548233333296,0.6331295340759681,0.631368253836764,0.006630230782450987,27
0.4921009063720703,0.06904015413269822,0.054990386962890624,0.0010110252966381219,0.01,4,100,0.0,0.0,"{'catboost__bagging_temperature': 0.01, 'catboost__depth': 4, 'catboost__iterations': 100, 'catboost__l2_leaf_reg': 0, 'catboost__random_strength': 0}",0.6405874363531096,0.6561543999209102,0.6433258244239578,0.6293994291110035,0.6562545531553855,0.6451443285928733,0.010164967727142803,8
0.486467981338501,0.06136055860271195,0.05540056228637695,0.0010719957004849247,0.01,4,100,0.0,0.01,"{'catboost__bagging_temperature': 0.01, 'catboost__depth': 4, 'catboost__iterations': 100, 'catboost__l2_leaf_reg': 0, 'catboost__random_strength': 0.01}",0.6487563722009672,0.6647510851676497,0.6426532867184049,0.631177371658609,0.6745740116281622,0.6523824254747586,0.015510699205600253,1
0.517430591583252,0.04104390263106911,0.07511467933654785,0.03882589680838034,0.01,4,100,0.01,0.0,"{'catboost__bagging_temperature': 0.01, 'catboost__depth': 4, 'catboost__iterations': 100, 'catboost__l2_leaf_reg': 0.01, 'catboost__random_strength': 0}",0.6408942835418701,0.6694059291313582,0.6411837805670619,0.6326311203779288,0.6633704795207986,0.6494971186278036,0.014257721671616793,3
0.47304496765136717,0.05831063736360526,0.05455031394958496,0.0018412900473457699,0.01,4,100,0.01,0.01,"{'catboost__bagging_temperature': 0.01, 'catboost__depth': 4, 'catboost__iterations': 100, 'catboost__l2_leaf_reg': 0.01, 'catboost__random_strength': 0.01}",0.6545453162814096,0.6502018134211027,0.6362118410810904,0.629024082903165,0.6738966569871876,0.648775942134791,0.015584361905819473,4
1.1237028598785401,0.1694699846183589,0.05600395202636719,0.0017365432726987248,0.01,4,250,0.0,0.0,"{'catboost__bagging_temperature': 0.01, 'catboost__depth': 4, 'catboost__iterations': 250, 'catboost__l2_leaf_reg': 0, 'catboost__random_strength': 0}",0.6388434498903479,0.64546829721124,0.6443949640950185,0.623316195722173,0.6328706478337824,0.6369787109505124,0.008174247877708546,23
1.1111191749572753,0.16622413669304503,0.05564703941345215,0.0023129506695624327,0.01,4,250,0.0,0.01,"{'catboost__bagging_temperature': 0.01, 'catboost__depth': 4, 'catboost__iterations': 250, 'catboost__l2_leaf_reg': 0, 'catboost__random_strength': 0.01}",0.6379797083689118,0.6568500633222473,0.6417111507392044,0.6229938581081285,0.6528160174966622,0.6424701596070308,0.011948932782394025,11
1.1382836818695068,0.17647501233788454,0.05995635986328125,0.004748325395268257,0.01,4,250,0.01,0.0,"{'catboost__bagging_temperature': 0.01, 'catboost__depth': 4, 'catboost__iterations': 250, 'catboost__l2_leaf_reg': 0.01, 'catboost__random_strength': 0}",0.6372663880034212,0.6543945848241132,0.6421643407644824,0.6237914069396567,0.6395665386586445,0.6394366518380636,0.009804903362335611,19
1.1466936588287353,0.16751528402322968,0.05738286972045899,0.0015466155075156804,0.01,4,250,0.01,0.01,"{'catboost__bagging_temperature': 0.01, 'catboost__depth': 4, 'catboost__iterations': 250, 'catboost__l2_leaf_reg': 0.01, 'catboost__random_strength': 0.01}",0.6415437447675679,0.6477261168479952,0.6423831692840044,0.6180614141160325,0.6493510923541651,0.639813107473953,0.01128118220768879,18
1.1173704147338868,0.022858737843752544,0.055655622482299806,0.0005327989997557364,0.01,6,100,0.0,0.0,"{'catboost__bagging_temperature': 0.01, 'catboost__depth': 6, 'catboost__iterations': 100, 'catboost__l2_leaf_reg': 0, 'catboost__random_strength': 0}",0.6373183839017552,0.6566630466348693,0.6458939855161144,0.6244208539831332,0.6555462820304706,0.6439685104132686,0.012043575502341879,10
1.10604829788208,0.024099200908036068,0.054624509811401364,0.0009728577191764765,0.01,6,100,0.0,0.01,"{'catboost__bagging_temperature': 0.01, 'catboost__depth': 6, 'catboost__iterations': 100, 'catboost__l2_leaf_reg': 0, 'catboost__random_strength': 0.01}",0.6401313089211875,0.6558958586493537,0.6392165162243316,0.6263786828813321,0.6503689049908408,0.6423982543334092,0.010174534510999221,13
1.075585126876831,0.037728512063913706,0.054288291931152345,0.0003297977114871783,0.01,6,100,0.01,0.0,"{'catboost__bagging_temperature': 0.01, 'catboost__depth': 6, 'catboost__iterations': 100, 'catboost__l2_leaf_reg': 0.01, 'catboost__random_strength': 0}",0.6442542083433253,0.6444826071758605,0.6374604529551074,0.6323701024797045,0.653694171931483,0.6424523085770961,0.007215510365697631,12
1.0645925521850585,0.019846055137041484,0.0544623851776123,0.00011520581133240232,0.01,6,100,0.01,0.01,"{'catboost__bagging_temperature': 0.01, 'catboost__depth': 6, 'catboost__iterations': 100, 'catboost__l2_leaf_reg': 0.01, 'catboost__random_strength': 0.01}",0.6446373617933326,0.6317127773229402,0.636547430001215,0.6230510233634438,0.6607713868305117,0.6393439958622886,0.012795858989874492,20
2.6253374576568604,0.08663300312392859,0.05538778305053711,0.0006671087053686071,0.01,6,250,0.0,0.0,"{'catboost__bagging_temperature': 0.01, 'catboost__depth': 6, 'catboost__iterations': 250, 'catboost__l2_leaf_reg': 0, 'catboost__random_strength': 0}",0.6254440011266493,0.6331519522519361,0.6443710661985562,0.6171438770864833,0.6325679323241682,0.6305357657975585,0.009029489689406936,28
2.578657531738281,0.05528766416822758,0.05499477386474609,0.00041710403099011175,0.01,6,250,0.0,0.01,"{'catboost__bagging_temperature': 0.01, 'catboost__depth': 6, 'catboost__iterations': 250, 'catboost__l2_leaf_reg': 0, 'catboost__random_strength': 0.01}",0.6302604256128147,0.628624862680784,0.6423879948052761,0.6205238766078777,0.6278872537415429,0.6299368826896591,0.007066285187608651,29
2.593173885345459,0.0895298656834435,0.05477509498596191,0.0004886934330673914,0.01,6,250,0.01,0.0,"{'catboost__bagging_temperature': 0.01, 'catboost__depth': 6, 'catboost__iterations': 250, 'catboost__l2_leaf_reg': 0.01, 'catboost__random_strength': 0}",0.6373695918108048,0.6273007131606415,0.6447705649173309,0.6272595857680303,0.634080673887682,0.6341562259088979,0.006596322026516312,25
2.6058252811431886,0.047705948944934795,0.05551624298095703,0.0011543145556438918,0.01,6,250,0.01,0.01,"{'catboost__bagging_temperature': 0.01, 'catboost__depth': 6, 'catboost__iterations': 250, 'catboost__l2_leaf_reg': 0.01, 'catboost__random_strength': 0.01}",0.6325128307981247,0.6239042700107237,0.6419898275399659,0.6207845239637972,0.6421880461569044,0.6322758996939032,0.008885978592967777,26
